{"type": "block", "layer": 11, "block": 0, "features": [{"geom": {"triangles": {"v": [-2022.1398914214224, 1936.9582692959812, 0.0, -2060.1398914214224, 1875.6301442959812, 0.0, -2011.1398914214224, 1797.0520192959812, 0.0, -1736.1398914214224, 1808.1613942959812, 0.0, -2019.1398914214224, 2011.1770192959812, 0.0, -1667.1398914214224, 1880.3488942959812, 0.0, -1966.1398914214224, 2135.739519295981, 0.0, -1600.1398914214224, 1955.5207692959812, 0.0, -1575.1398914214224, 2071.552019295981, 0.0, -1943.1398914214224, 2233.817644295981, 0.0, -1554.1398914214224, 2169.973894295981, 0.0, -1576.1398914214224, 2317.552019295981, 0.0, -1924.1398914214224, 2318.598894295981, 0.0, -1937.1398914214224, 2384.130144295981, 0.0, -1518.1398914214224, 2453.239519295981, 0.0, -1904.1398914214224, 2622.864519295981, 0.0, -1772.1398914214224, 2751.770769295981, 0.0, -1842.1398914214224, 2721.239519295981, 0.0, -1483.1398914214224, 2716.145769295981, 0.0, -1743.1398914214224, 2806.052019295981, 0.0, -1491.1398914214224, 2795.770769295981, 0.0, -1501.1398914214224, 2895.942644295981, 0.0, -1748.1398914214224, 2890.552019295981, 0.0, -1532.1398914214224, 3031.645769295981, 0.0, -1581.1398914214224, 3072.348894295981, 0.0, -1792.1398914214224, 3004.505144295981, 0.0, -1779.1398914214224, 3057.083269295981, 0.0, -1780.1398914214224, 3124.927019295981, 0.0, -1610.1398914214224, 3196.177019295981, 0.0, -1713.1398914214224, 3226.708269295981, 0.0, -1658.1398914214224, 3244.286394295981, 0.0, -1564.1398914214224, 3141.895769295981, 0.0, -1823.1398914214224, 2962.020769295981, 0.0, -1781.1398914214224, 2846.755144295981, 0.0, -1882.1398914214224, 2880.677019295981, 0.0, -1849.1398914214224, 2816.833269295981, 0.0, -1447.1398914214224, 2621.880144295981, 0.0, -1415.1398914214224, 2534.661394295981, 0.0, -2004.1398914214224, 2504.395769295981, 0.0, -1823.1398914214224, 1727.5832692959812, 0.0, -1958.1398914214224, 1711.6770192959812, 0.0], "f": [0, 1, 2, 3, 0, 2, 3, 4, 0, 5, 4, 3, 5, 6, 4, 6, 5, 7, 6, 7, 8, 9, 6, 8, 9, 8, 10, 11, 9, 10, 12, 9, 11, 11, 13, 12, 14, 13, 11, 14, 15, 13, 15, 14, 16, 15, 16, 17, 18, 16, 14, 18, 19, 16, 20, 19, 18, 21, 19, 20, 22, 19, 21, 23, 22, 21, 22, 23, 24, 24, 25, 22, 24, 26, 25, 27, 26, 24, 28, 27, 24, 29, 27, 28, 30, 29, 28, 31, 28, 24, 25, 32, 22, 32, 33, 22, 32, 34, 33, 33, 34, 35, 36, 18, 14, 36, 14, 37, 38, 13, 15, 3, 2, 39, 39, 2, 40]}, "centroids": [[-1736.4175544772297, 2427.7336500096717, 0.0]]}, "mtl": {"idx": 0}}, {"geom": {"triangles": {"v": [-1713.1398914214224, 3226.708269295981, 0.0, -2273.1398914214224, 3360.364519295981, 0.0, -2273.1398914214224, 3259.645769295981, 0.0, -2273.1398914214224, 3461.083269295981, 0.0, -2272.1398914214224, 3561.802019295981, 0.0, -2272.1398914214224, 3662.520769295981, 0.0, -2272.1398914214224, 3763.239519295981, 0.0, -2272.1398914214224, 3863.958269295981, 0.0, -2272.1398914214224, 3964.692644295981, 0.0, -2272.1398914214224, 4065.411394295981, 0.0, -2272.1398914214224, 4166.130144295981, 0.0, -2272.1398914214224, 4266.848894295981, 0.0, -1972.1398914214224, 4329.395769295981, 0.0, -1872.1398914214224, 4329.161394295981, 0.0, -1658.1398914214224, 3244.286394295981, 0.0, -1772.1398914214224, 4328.958269295981, 0.0, -1672.1398914214224, 4329.145769295981, 0.0, -1572.1398914214224, 4333.505144295981, 0.0, -1472.1398914214224, 4337.864519295981, 0.0, -1610.1398914214224, 3196.177019295981, 0.0, -1564.1398914214224, 3141.895769295981, 0.0, 470.86010857857764, 3853.552019295981, 0.0, -1532.1398914214224, 3031.645769295981, 0.0, 470.86010857857764, 3752.817644295981, 0.0, 470.86010857857764, 3652.098894295981, 0.0, 470.86010857857764, 3551.380144295981, 0.0, 470.86010857857764, 3450.661394295981, 0.0, 470.86010857857764, 3349.942644295981, 0.0, 470.86010857857764, 3273.583269295981, 0.0, -1501.1398914214224, 2895.942644295981, 0.0, -1447.1398914214224, 2621.880144295981, 0.0, -1415.1398914214224, 2534.661394295981, 0.0, 610.8601085785776, 2287.817644295981, 0.0, 671.8601085785776, 2959.989519295981, 0.0, 651.8601085785776, 2317.786394295981, 0.0, 732.8601085785776, 2376.739519295981, 0.0, 814.8601085785776, 2435.708269295981, 0.0, 768.8601085785776, 2936.880144295981, 0.0, 895.8601085785776, 2494.677019295981, 0.0, 833.8601085785776, 2921.583269295981, 0.0, 901.8601085785776, 2886.020769295981, 0.0, 976.8601085785776, 2553.645769295981, 0.0, 1057.8601085785776, 2612.614519295981, 0.0, 1138.8601085785776, 2671.567644295981, 0.0, 1128.8601085785776, 2917.380144295981, 0.0, 1041.8601085785776, 2963.005144295981, 0.0, 957.8601085785776, 2959.692644295981, 0.0, 1219.8601085785776, 2716.583269295981, 0.0, 1225.8601085785776, 2959.411394295981, 0.0, 1333.8601085785776, 2787.255144295981, 0.0, 1382.8601085785776, 2945.208269295981, 0.0, 1313.8601085785776, 3033.067644295981, 0.0, 1393.8601085785776, 2815.270769295981, 0.0, 647.8601085785776, 3128.567644295981, 0.0, 570.8601085785776, 3274.239519295981, 0.0, 703.8601085785776, 3275.098894295981, 0.0, 723.8601085785776, 3188.177019295981, 0.0, 695.8601085785776, 3019.661394295981, 0.0, -941.1398914214224, 1483.0832692959812, 0.0, 584.8601085785776, 2190.458269295981, 0.0, -922.1398914214224, 1444.7551442959812, 0.0, 559.8601085785776, 2093.083269295981, 0.0, 531.8601085785776, 1986.3332692959812, 0.0, -294.13989142142236, 958.4895192959812, 0.0, 538.8601085785776, 1885.8488942959812, 0.0, 545.8601085785776, 1785.3645192959812, 0.0, 526.8601085785776, 1073.0051442959812, 0.0, 552.8601085785776, 1684.8801442959812, 0.0, 558.8601085785776, 1584.3957692959812, 0.0, 542.8601085785776, 1172.5051442959812, 0.0, 565.8601085785776, 1483.9113942959812, 0.0, 558.8601085785776, 1272.0051442959812, 0.0, 573.8601085785776, 1371.5207692959812, 0.0, -195.13989142142236, 917.5363942959812, 0.0, 13.860108578577638, 874.3645192959812, 0.0, -102.13989142142236, 879.2238942959812, 0.0, -10.139891421422362, 840.9113942959812, 0.0, 83.86010857857764, 842.6770192959812, 0.0, 511.86010857857764, 973.5051442959812, 0.0, 495.86010857857764, 874.0051442959812, 0.0, 133.86010857857764, 735.0676442959812, 0.0, 480.86010857857764, 774.5051442959812, 0.0, 211.86010857857764, 631.8645192959812, 0.0, 464.86010857857764, 674.9895192959812, 0.0, 449.86010857857764, 575.4895192959812, 0.0, 208.86010857857764, 590.1613942959812, 0.0, 262.86010857857764, 494.67701929598115, 0.0, 433.86010857857764, 475.98951929598115, 0.0, 324.86010857857764, 395.92701929598115, 0.0, 423.86010857857764, 409.81764429598115, 0.0, 251.86010857857764, 406.83326929598115, 0.0, 256.86010857857764, 386.34889429598115, 0.0, -417.13989142142236, 912.7238942959812, 0.0, -382.13989142142236, 914.6770192959812, 0.0, -943.1398914214224, 1345.3488942959812, 0.0, -511.13989142142236, 878.4113942959812, 0.0, -965.1398914214224, 1246.9270192959812, 0.0, -564.1398914214224, 859.2082692959812, 0.0, -986.1398914214224, 1197.4895192959812, 0.0, -1025.1398914214224, 1104.9895192959812, 0.0, -657.1398914214224, 786.8488942959812, 0.0, -1062.1398914214224, 930.9895192959812, 0.0, -1058.1398914214224, 830.3488942959812, 0.0, -1019.1398914214224, 733.4738942959812, 0.0, -712.1398914214224, 702.4738942959812, 0.0, -747.1398914214224, 648.2238942959812, 0.0, -957.1398914214224, 612.7707692959812, 0.0, -856.1398914214224, 549.3645192959812, 0.0, -1065.1398914214224, 1012.4738942959812, 0.0, -1554.1398914214224, 2169.973894295981, 0.0, -1518.1398914214224, 2453.239519295981, 0.0, -1576.1398914214224, 2317.552019295981, 0.0, -1021.1398914214224, 1488.8020192959812, 0.0, -1575.1398914214224, 2071.552019295981, 0.0, -1103.1398914214224, 1458.5051442959812, 0.0, -1600.1398914214224, 1955.5207692959812, 0.0, -1216.1398914214224, 1401.2707692959812, 0.0, -1667.1398914214224, 1880.3488942959812, 0.0, -1297.1398914214224, 1344.5051442959812, 0.0, -1736.1398914214224, 1808.1613942959812, 0.0, -1413.1398914214224, 1248.5988942959812, 0.0, -1823.1398914214224, 1727.5832692959812, 0.0, -1488.1398914214224, 1182.2238942959812, 0.0, -1563.1398914214224, 