{"type": "block", "layer": 29, "block": 0, "features": [{"geom": {"triangles": {"v": [2541.8601085785776, 3395.973894295981, 0.0, 2279.8601085785776, 3602.130144295981, 0.0, 2182.8601085785776, 3477.911394295981, 0.0, 2536.8601085785776, 3533.411394295981, 0.0, 2409.8601085785776, 3676.130144295981, 0.0, 2454.8601085785776, 3673.489519295981, 0.0, 2211.8601085785776, 3298.192644295981, 0.0, 2531.8601085785776, 3245.333269295981, 0.0, 2274.8601085785776, 3152.817644295981, 0.0, 2472.8601085785776, 3113.177019295981, 0.0, 2478.8601085785776, 3033.880144295981, 0.0, 2525.8601085785776, 2753.723894295981, 0.0, 2541.8601085785776, 2954.598894295981, 0.0, 2647.8601085785776, 2917.598894295981, 0.0, 2864.8601085785776, 2833.020769295981, 0.0, 2753.8601085785776, 2933.458269295981, 0.0, 2829.8601085785776, 2914.958269295981, 0.0, 2853.8601085785776, 2695.583269295981, 0.0, 2652.8601085785776, 2600.427019295981, 0.0, 2840.8601085785776, 2632.145769295981, 0.0, 2647.8601085785776, 2510.567644295981, 0.0, 3046.8601085785776, 2629.505144295981, 0.0, 3289.8601085785776, 2481.505144295981, 0.0, 2499.8601085785776, 2325.567644295981, 0.0, 2414.8601085785776, 2087.692644295981, 0.0, 2573.8601085785776, 1580.2395192959812, 0.0, 3355.8601085785776, 1432.2238942959812, 0.0, 3416.8601085785776, 2449.786394295981, 0.0, 3799.8601085785776, 2077.114519295981, 0.0, 3905.8601085785776, 1648.9582692959812, 0.0, 4011.8601085785776, 1791.6770192959812, 0.0, 4042.8601085785776, 1929.1145192959812, 0.0, 3746.8601085785776, 1342.3645192959812, 0.0, 3900.8601085785776, 1516.8020192959812, 0.0, 3884.8601085785776, 1358.2238942959812, 0.0, 3223.8601085785776, 1368.8020192959812, 0.0, 2969.8601085785776, 1315.9270192959812, 0.0, 2710.8601085785776, 1278.9270192959812, 0.0, 2409.8601085785776, 1781.0988942959812, 0.0, 2377.8601085785776, 1987.2551442959812, 0.0, 2414.8601085785776, 2203.989519295981, 0.0], "f": [0, 1, 2, 3, 1, 0, 3, 4, 1, 5, 4, 3, 0, 2, 6, 7, 0, 6, 7, 6, 8, 8, 9, 7, 9, 8, 10, 11, 10, 8, 10, 11, 12, 12, 11, 13, 14, 13, 11, 14, 15, 13, 16, 15, 14, 14, 11, 17, 17, 11, 18, 17, 18, 19, 20, 19, 18, 21, 19, 20, 22, 21, 20, 20, 23, 22, 24, 22, 23, 25, 22, 24, 26, 22, 25, 22, 26, 27, 27, 26, 28, 28, 26, 29, 28, 29, 30, 28, 30, 31, 32, 29, 26, 29, 32, 33, 32, 34, 33, 26, 25, 35, 35, 25, 36, 36, 25, 37, 24, 38, 25, 39, 38, 24, 23, 40, 24]}, "centroids": [[3043.4544015042484, 2108.2023066224647, 0.0]]}, "mtl": {"idx": 0}}, {"geom": {"triangles": {"v": [626.8601085785776, 4188.708269295981, 0.0, 492.86010857857764, 4152.755144295981, 0.0, 485.86010857857764, 4131.177019295981, 0.0, 534.8601085785776, 4199.505144295981, 0.0, 494.86010857857764, 4170.739519295981, 0.0, 511.86010857857764, 4031.677019295981, 0.0, 703.8601085785776, 4186.317644295981, 0.0, 828.8601085785776, 3995.723894295981, 0.0, 849.8601085785776, 4040.067644295981, 0.0, 765.8601085785776, 4187.520769295981, 0.0, 837.8601085785776, 4209.098894295981, 0.0, 916.8601085785776, 4102.411394295981, 0.0, 892.8601085785776, 4216.286394295981, 0.0, 950.8601085785776, 4163.536394295981, 0.0, 934.8601085785776, 4200.708269295981, 0.0, 524.8601085785776, 3960.958269295981, 0.0, 549.8601085785776, 3898.630144295981, 0.0, 683.8601085785776, 3839.880144295981, 0.0, 769.8601085785776, 3854.270769295981, 0.0, 828.8601085785776, 3942.973894295981, 0.0, 816.8601085785776, 3893.833269295981, 0.0, 596.8601085785776, 3847.083269295981, 0.0], "f": [0, 1, 2, 0, 3, 1, 4, 1, 3, 2, 5, 0, 5, 6, 0, 6, 5, 7, 6, 7, 8, 9, 6, 8, 8, 10, 9, 8, 11, 10, 11, 12, 10, 11, 13, 12, 13, 14, 12, 7, 5, 15, 7, 15, 16, 17, 7, 16, 18, 7, 17, 18, 19, 7, 18, 20, 19, 16, 21, 17]}, "centroids": [[697.3667489755899, 4044.015658644814, 0.0]]}, "mtl": {"idx": 0}}], "featureCount": 2, "startIndex": 0}